{"num_eval_tasks": 400, "metrics": {"independent_solved_by": [0.0, 0.065, 0.0925, 0.105, 0.1175, 0.1225, 0.13, 0.1325, 0.14, 0.1425, 0.145, 0.1475, 0.155, 0.1625, 0.1675, 0.1775, 0.1775, 0.1875, 0.1875, 0.1875, 0.195, 0.1975, 0.1975, 0.2, 0.2075, 0.21, 0.21, 0.21, 0.215, 0.2175, 0.2175, 0.2225, 0.225, 0.225, 0.225, 0.225, 0.2275, 0.23, 0.23, 0.23, 0.23, 0.2325, 0.2325, 0.2325, 0.2375, 0.2425, 0.2425, 0.245, 0.245, 0.245, 0.245, 0.245, 0.2475, 0.25, 0.25, 0.2525, 0.2525, 0.2525, 0.2575, 0.2575, 0.26, 0.26, 0.2625, 0.2625, 0.2625, 0.2625, 0.2675, 0.2675, 0.2675, 0.2675, 0.2675, 0.2675, 0.27, 0.27, 0.27, 0.27, 0.2725, 0.275, 0.275, 0.275, 0.275, 0.275, 0.275, 0.275, 0.275, 0.275, 0.275, 0.275, 0.275, 0.275, 0.2775, 0.28, 0.28, 0.28, 0.28, 0.28, 0.2825, 0.2825, 0.2825, 0.285, 0.2875], "independent_solved_by_aucs": [0.0, 0.065, 0.07514943177678493, 0.08134398437049278, 0.08635690327007206, 0.0900346657020987, 0.0932006307157125, 0.095724240735332, 0.09809765917693078, 0.10012939886801427, 0.10191289004476896, 0.10350916619080476, 0.10511600717831453, 0.1067274201985534, 0.10827572044293778, 0.10988707830268465, 0.11133384821021852, 0.11284006844389723, 0.11421101043591304, 0.11546587347900368, 0.11674045206050807, 0.11795587872950457, 0.11908357221229221, 0.1201671825444728, 0.12127474306857407, 0.1223428108225369, 0.12334656531771086, 0.12429229997147732, 0.12523758457721346, 0.12615721337060337, 0.127029410502213, 0.12790399155192075, 0.12875850285422588, 0.12957325048076804, 0.13035128581585828, 0.13109534140147944, 0.13182684203828582, 0.13254657922618956, 0.133237546173323, 0.1339016538668776, 0.13454063950900802, 0.13517220435640284, 0.13578109815968012, 0.13636867995965152, 0.1369657146543487, 0.13757155050394582, 0.13815766122016288, 0.13873872003670254, 0.1393017038546237, 0.13984755742911, 0.14037715737173806, 0.14089131835128377, 0.14140279282163237, 0.14191167263103519, 0.14240659721445026, 0.14289940349233793, 0.1433792104696723, 0.14384659806533567, 0.14432307204801698, 0.14478765874556185, 0.1452509129440663, 0.1457030135424505, 0.14615407096031632, 0.14659463569502548, 0.1470251224401492, 0.14744592309879692, 0.14787529062907193, 0.1482953041603137, 0.14870631069563198, 0.14910863931058466, 0.14950260233056778, 0.1498884964149472, 0.15027464076230046, 0.1506531065951275, 0.15102415469870623, 0.1513880334982, 0.1517525032087743, 0.15211752928909597, 0.15247579033599157, 0.15282750096600825, 0.15317286628009089, 0.15351208240144162, 0.15384533697662084, 0.1541728096428225, 0.15449467246399254, 0.15481109033821686, 0.1551222213785925, 0.15542821726959746, 0.15572922360080405, 0.15602538017961826, 0.1563229453438411, 0.15662187025607857, 0.15691614523267236, 0.15720589473725602, 0.1574912385614232, 0.15777229204892712, 0.1580548293897564, 0.15833321127994593, 0.15860754305010494, 0.1588833822895669, 0.15916068336865336], "global_solved_by": {"100": 0.0025, "1000": 0.01, "100000": 0.2875}, "total_attempts": 100.0, "total_solved": 0.2875}, "args": ["agents/train.py", "--eval-setup", "ball_within_template", "--fold-id", "0", "--output-dir", "/media/compute/homes/aharter/phyre/saves/base", "--agent-type", "dqn"], "parsed_args": {"agent_kwargs": {"simulation_cache_size": null, "max_train_actions": null, "oracle_rank_size": null, "mem_test_simulation_weight": 0.0, "mem_rerank_size": -1, "mem_scoring_type": "relative", "mem_template_aware": 1, "dqn_train_batch_size": 32, "dqn_updates": 1000, "dqn_save_checkpoints_every": -1, "dqn_negative_sampling_prob": 1.0, "dqn_balance_classes": 0, "dqn_network_type": "resnet18", "dqn_num_auccess_actions": 0, "dqn_action_layers": 1, "dqn_action_hidden_size": 256, "dqn_eval_every": 1000, "dqn_cosine_scheduler": 0, "dqn_fusion_place": "last", "dqn_learning_rate": 0.0003, "dqn_eval_batch_size": 128, "dqn_rank_size": -1, "dqn_load_from": null, "dqn_finetune_iterations": 0, "dqn_refine_iterations": 0, "dqn_refine_loss": "ce", "dqn_refine_lr": 0.0001, "tier": "ball"}, "main_kwargs": {"eval_setup_name": "ball_within_template", "fold_id": 0, "use_test_split": 0, "agent_type": "dqn", "max_test_attempts_per_task": 100, "output_dir": "/media/compute/homes/aharter/phyre/saves/base"}}, "target_metric": 0.15916068336865336}