{"num_eval_tasks": 17, "metrics": {"independent_solved_by": [0.0, 0.23529411764705882, 0.29411764705882354, 0.29411764705882354, 0.35294117647058826, 0.4117647058823529, 0.5294117647058824, 0.5882352941176471, 0.5882352941176471, 0.6470588235294118, 0.7058823529411765, 0.7058823529411765, 0.7058823529411765, 0.7058823529411765, 0.7058823529411765, 0.7647058823529411, 0.7647058823529411, 0.7647058823529411, 0.7647058823529411, 0.7647058823529411, 0.7647058823529411, 0.7647058823529411, 0.7647058823529411, 0.8235294117647058, 0.8235294117647058, 0.8235294117647058, 0.8235294117647058, 0.8235294117647058, 0.8235294117647058, 0.8235294117647058, 0.8235294117647058, 0.8235294117647058, 0.8235294117647058, 0.8235294117647058, 0.8235294117647058, 0.8235294117647058, 0.8235294117647058, 0.8235294117647058, 0.8235294117647058, 0.8235294117647058, 0.8235294117647058, 0.8235294117647058, 0.8823529411764706, 0.8823529411764706, 0.8823529411764706, 0.8823529411764706, 0.8823529411764706, 0.8823529411764706, 0.8823529411764706, 0.8823529411764706, 0.8823529411764706, 0.8823529411764706, 0.8823529411764706, 0.8823529411764706, 0.8823529411764706, 0.8823529411764706, 0.8823529411764706, 0.8823529411764706, 0.8823529411764706, 0.8823529411764706, 0.8823529411764706, 0.8823529411764706, 0.8823529411764706, 0.8823529411764706, 0.8823529411764706, 0.8823529411764706, 0.8823529411764706, 0.9411764705882353, 0.9411764705882353, 0.9411764705882353, 0.9411764705882353, 0.9411764705882353, 0.9411764705882353, 0.9411764705882353, 0.9411764705882353, 0.9411764705882353, 0.9411764705882353, 0.9411764705882353, 0.9411764705882353, 0.9411764705882353, 0.9411764705882353, 0.9411764705882353, 0.9411764705882353, 0.9411764705882353, 0.9411764705882353, 0.9411764705882353, 0.9411764705882353, 0.9411764705882353, 0.9411764705882353, 0.9411764705882353, 0.9411764705882353, 0.9411764705882353, 0.9411764705882353, 0.9411764705882353, 0.9411764705882353, 0.9411764705882353, 0.9411764705882353, 0.9411764705882353, 0.9411764705882353, 0.9411764705882353, 0.9411764705882353], "independent_solved_by_aucs": [0.0, 0.23529411764705882, 0.2570041321428555, 0.2647058823529412, 0.2769394309282247, 0.2906586574466146, 0.30957214829445967, 0.32746650944338673, 0.3414451165371578, 0.3554292328500688, 0.3693588444839789, 0.38114253618231286, 0.3912764806000351, 0.40011100001923, 0.40790112283451196, 0.41620659249521363, 0.42366372158690185, 0.4304079851608458, 0.43654652581513026, 0.44216531045403723, 0.4473342023824598, 0.4521106283737166, 0.45654227743881826, 0.46145686723727325, 0.46604869501591667, 0.47035202012793076, 0.47439622229521144, 0.478206658168549, 0.481805341443312, 0.48521148784671864, 0.488441955557438, 0.49151160392491194, 0.4944335877829548, 0.49721960056793824, 0.4998800764258792, 0.5024243592279987, 0.5048608447031514, 0.507197100591137, 0.5094399687182454, 0.5115956521196301, 0.5136697897268773, 0.5156675206626988, 0.5179615465247512, 0.5201752787682896, 0.5223134158954994, 0.5243802783466236, 0.52637984676496, 0.5283157956343024, 0.5301915229354615, 0.532010176366531, 0.5337746765874214, 0.5354877378794592, 0.53715188655286, 0.538769477386425, 0.5403427083432158, 0.5418736337717844, 0.5433641762737071, 0.5448161373937352, 0.5462312072681269, 0.547610973349035, 0.5489569283077078, 0.5502704772063007, 0.5515529440169606, 0.5528055775572426, 0.554029556902627, 0.5552259963297247, 0.5563959498375164, 0.5577469501962502, 0.5590689789771214, 0.5603630946726872, 0.5616303018975388, 0.5628715548754811, 0.5640877606544303, 0.5652797820738144, 0.5664484405066873, 0.5675945183965097, 0.5687187616065237, 0.5698218815978814, 0.5709045574510888, 0.571967437743923, 0.573011142297719, 0.5740362638027989, 0.5750433693328137, 0.5760330017568639, 0.5770056810574621, 0.5779619055616733, 0.5789021530921176, 0.5798268820439323, 0.5807365323932624, 0.5816315266423695, 0.5825122707060179, 0.5833791547434053, 0.584232553939552, 0.5850728292397416, 0.5859003280403136, 0.5867153848388439, 0.5875183218465084, 0.5883094495652047, 0.589089067331806, 0.5898574638317402, 0.5906149175839178], "global_solved_by": {"100": 0.058823529411764705, "1000": 0.5882352941176471, "100000": 0.9411764705882353}, "total_attempts": 100.0, "total_solved": 0.9411764705882353}, "args": ["agents/train.py", "--eval-setup", "ball_within_template", "--fold-id", "0", "--output-dir", "/media/compute/homes/aharter/phyre/saves/path-dqn-10000-updates-template13-equal", "--agent-type", "dqn", "--dqn-num-auccess-actions", "10000", "--dqn-updates", "10000", "--dqn-learning-rate", "3e-4", "--dqn-rank-size", "10000", "--dqn-balance-classes", "1", "--dqn-train-batch-size", "64", "--dqn-eval-every", "10000"], "parsed_args": {"agent_kwargs": {"simulation_cache_size": null, "max_train_actions": null, "oracle_rank_size": null, "mem_test_simulation_weight": 0.0, "mem_rerank_size": -1, "mem_scoring_type": "relative", "mem_template_aware": 1, "dqn_train_batch_size": 64, "dqn_updates": 10000, "dqn_save_checkpoints_every": -1, "dqn_negative_sampling_prob": 1.0, "dqn_balance_classes": 1, "dqn_network_type": "resnet18", "dqn_num_auccess_actions": 10000, "dqn_action_layers": 1, "dqn_action_hidden_size": 256, "dqn_eval_every": 10000, "dqn_cosine_scheduler": 0, "dqn_fusion_place": "last", "dqn_learning_rate": 0.0003, "dqn_eval_batch_size": 128, "dqn_rank_size": 10000, "dqn_load_from": null, "dqn_finetune_iterations": 0, "dqn_refine_iterations": 0, "dqn_refine_loss": "ce", "dqn_refine_lr": 0.0001, "tier": "ball"}, "main_kwargs": {"eval_setup_name": "ball_within_template", "fold_id": 0, "use_test_split": 0, "agent_type": "dqn", "max_test_attempts_per_task": 100, "output_dir": "/media/compute/homes/aharter/phyre/saves/path-dqn-10000-updates-template13-equal"}}, "target_metric": 0.5906149175839178}