{"num_eval_tasks": 400, "metrics": {"independent_solved_by": [0.0, 0.2775, 0.31, 0.34, 0.355, 0.3775, 0.3925, 0.405, 0.41, 0.42, 0.435, 0.4475, 0.46, 0.4825, 0.485, 0.4925, 0.505, 0.515, 0.515, 0.5225, 0.5275, 0.535, 0.5425, 0.555, 0.56, 0.5625, 0.5625, 0.57, 0.575, 0.58, 0.585, 0.5875, 0.59, 0.59, 0.59, 0.595, 0.6025, 0.605, 0.6075, 0.61, 0.6125, 0.6125, 0.615, 0.615, 0.615, 0.615, 0.62, 0.62, 0.6225, 0.6225, 0.625, 0.625, 0.6275, 0.63, 0.6325, 0.6325, 0.635, 0.6375, 0.6375, 0.6375, 0.6375, 0.64, 0.6475, 0.655, 0.66, 0.66, 0.665, 0.665, 0.665, 0.665, 0.665, 0.6675, 0.67, 0.6725, 0.6725, 0.6725, 0.675, 0.675, 0.675, 0.675, 0.675, 0.6775, 0.6775, 0.6825, 0.6825, 0.6825, 0.6825, 0.6875, 0.69, 0.69, 0.6925, 0.6975, 0.6975, 0.6975, 0.7, 0.7, 0.7, 0.7025, 0.7025, 0.7025, 0.705], "independent_solved_by_aucs": [0.0, 0.2775, 0.2894947830089276, 0.29997556248918267, 0.30760452928583343, 0.3147167847265391, 0.3208785982714116, 0.3262804562689541, 0.33076827335698455, 0.33485129324656504, 0.3388319471792537, 0.34263706272012184, 0.3462995316312812, 0.3501242081185723, 0.35356043251802727, 0.3567945776116914, 0.3599658522713585, 0.3630317229334935, 0.36582223838324596, 0.36850489418047333, 0.3710528791185878, 0.3735202740967488, 0.37591589218367616, 0.37831413682774584, 0.3806182888716132, 0.3828077667881658, 0.3848654061960308, 0.3868859631608338, 0.388846340318352, 0.39075167098414426, 0.3926064735541052, 0.39439184207269223, 0.39611332768722557, 0.3977547059987632, 0.399322124280234, 0.40086039363409454, 0.4023903975011931, 0.40387578992996326, 0.40531953195233017, 0.40672431106008494, 0.40809257301279284, 0.4094104312019897, 0.4106966230203881, 0.4119377966038529, 0.41313658626229677, 0.41429541433758815, 0.4154444417234952, 0.41655691091844316, 0.4176480198021839, 0.4187059288670356, 0.4197449283002906, 0.42075363869345794, 0.4217455418293977, 0.4227214093653562, 0.42368196249913576, 0.4246166855362378, 0.42553769678445114, 0.4264455764991929, 0.4273303889202566, 0.42819312664695347, 0.429034723014156, 0.42986590634127997, 0.43070638583739224, 0.43155571384943464, 0.43240418395931074, 0.4332335632262058, 0.43406246454406855, 0.43487330780774874, 0.43566676291265, 0.43644346514473203, 0.43720401745348264, 0.4379571684472869, 0.43870315884015937, 0.4394422179397961, 0.44016679187373453, 0.44087736576074016, 0.44158192544385627, 0.44227324727228895, 0.44295175682365523, 0.4436178605596078, 0.44427194692022737, 0.44492134835601754, 0.44555933690073424, 0.44619977110888137, 0.44682923421308146, 0.4474480487024644, 0.44805652379684147, 0.4486677189715328, 0.449275241439253, 0.44987297562933337, 0.4504673166567719, 0.4510643896012519, 0.45165217475922503, 0.4522309207344884, 0.45280667619470955, 0.45337377478363783, 0.45393244068872063, 0.45448848241104345, 0.45503643439837715, 0.4555764995524009, 0.4561142637002606], "global_solved_by": {"100": 0.0025, "1000": 0.025, "100000": 0.705}, "total_attempts": 100.0, "total_solved": 0.705}, "args": ["agents/train.py", "--eval-setup", "ball_within_template", "--fold-id", "0", "--output-dir", "/media/compute/homes/aharter/phyre/saves/path-dqn-10000-updates", "--agent-type", "dqn", "--max-train-actions", "10000", "--dqn-updates", "10000"], "parsed_args": {"agent_kwargs": {"simulation_cache_size": null, "max_train_actions": 10000, "oracle_rank_size": null, "mem_test_simulation_weight": 0.0, "mem_rerank_size": -1, "mem_scoring_type": "relative", "mem_template_aware": 1, "dqn_train_batch_size": 32, "dqn_updates": 10000, "dqn_save_checkpoints_every": -1, "dqn_negative_sampling_prob": 1.0, "dqn_balance_classes": 0, "dqn_network_type": "resnet18", "dqn_num_auccess_actions": 0, "dqn_action_layers": 1, "dqn_action_hidden_size": 256, "dqn_eval_every": 1000, "dqn_cosine_scheduler": 0, "dqn_fusion_place": "last", "dqn_learning_rate": 0.0003, "dqn_eval_batch_size": 128, "dqn_rank_size": -1, "dqn_load_from": null, "dqn_finetune_iterations": 0, "dqn_refine_iterations": 0, "dqn_refine_loss": "ce", "dqn_refine_lr": 0.0001, "tier": "ball"}, "main_kwargs": {"eval_setup_name": "ball_within_template", "fold_id": 0, "use_test_split": 0, "agent_type": "dqn", "max_test_attempts_per_task": 100, "output_dir": "/media/compute/homes/aharter/phyre/saves/path-dqn-10000-updates"}}, "target_metric": 0.4561142637002606}