{"num_eval_tasks": 400, "metrics": {"independent_solved_by": [0.0, 0.365, 0.4425, 0.495, 0.5075, 0.525, 0.54, 0.56, 0.5775, 0.585, 0.5925, 0.6, 0.61, 0.615, 0.62, 0.6275, 0.6325, 0.6375, 0.64, 0.6475, 0.6575, 0.6825, 0.685, 0.6975, 0.7, 0.7025, 0.705, 0.705, 0.7075, 0.7075, 0.715, 0.715, 0.7175, 0.725, 0.725, 0.73, 0.7325, 0.735, 0.7375, 0.74, 0.74, 0.7425, 0.7475, 0.75, 0.75, 0.755, 0.76, 0.7625, 0.7625, 0.7625, 0.765, 0.7675, 0.7675, 0.7725, 0.775, 0.775, 0.775, 0.775, 0.7775, 0.7775, 0.78, 0.78, 0.7825, 0.7825, 0.7825, 0.785, 0.7875, 0.7875, 0.7975, 0.8, 0.8025, 0.8075, 0.8075, 0.8075, 0.8075, 0.81, 0.815, 0.815, 0.815, 0.815, 0.8175, 0.8175, 0.8175, 0.8175, 0.8175, 0.825, 0.825, 0.825, 0.825, 0.8275, 0.8275, 0.83, 0.83, 0.835, 0.835, 0.835, 0.835, 0.835, 0.835, 0.835, 0.835], "independent_solved_by_aucs": [0.0, 0.365, 0.39360294409821206, 0.4146447343560697, 0.42751882758696297, 0.4374380826084542, 0.4455628098976198, 0.4529113970332137, 0.4595900151485301, 0.4653284613465856, 0.47038320345836454, 0.47492185924611197, 0.4791371549992213, 0.4829523506075376, 0.4864439073217649, 0.48972731951552995, 0.49278234527920844, 0.4956442026080729, 0.49829493400188357, 0.5008496413907637, 0.5033600504516541, 0.5060560966495214, 0.5085929764386224, 0.5111227668427374, 0.5135181203128458, 0.5157930695072239, 0.5179596608476752, 0.520001017096705, 0.5219549846438255, 0.5238044109547408, 0.5256300640850562, 0.5273648324383973, 0.5290381519933814, 0.5306970980332001, 0.5322812924462171, 0.533835605254429, 0.5353430337685668, 0.536806779525598, 0.5382297401642341, 0.5396145457017979, 0.5409469664284872, 0.5422464217357854, 0.5435305115590381, 0.5447848445937288, 0.5459963443309648, 0.5471961620668451, 0.5483848445496586, 0.5495493033236803, 0.5506775392745857, 0.5517714457192499, 0.5528453706548272, 0.5539002744570523, 0.5549250578499159, 0.5559446005984721, 0.5569476312210437, 0.5579236894908736, 0.5588740011836479, 0.5597997148939492, 0.5607123890428055, 0.5616022933905005, 0.5624804428441876, 0.5633374494180392, 0.5641838316506349, 0.5650105249916519, 0.5658183075887426, 0.5666170250455538, 0.5674070021948848, 0.5681797692736584, 0.5689704437755756, 0.5697528910748656, 0.5705273880769317, 0.5713023740588874, 0.572061721626715, 0.5728059695009435, 0.5735356305122487, 0.5742588392499076, 0.5749833164730612, 0.5756941816141851, 0.5763918722817564, 0.5770768064278898, 0.5777564506392903, 0.5784239938576998, 0.5790798053526812, 0.5797242386321697, 0.5803576323007096, 0.5810000040490415, 0.5816316427984527, 0.5822528564892694, 0.5828639406883214, 0.5834713868756242, 0.5840691612456679, 0.5846635710543063, 0.5852487345029291, 0.5858366694971956, 0.5864156648603344, 0.5869859546380567, 0.5875477642793624, 0.5881013110403476, 0.5886468043650155, 0.5891844462446247, 0.5897144315569898], "global_solved_by": {"100": 0.0025, "1000": 0.025, "100000": 0.835}, "total_attempts": 100.0, "total_solved": 0.835}, "args": ["agents/train.py", "--eval-setup", "ball_within_template", "--fold-id", "0", "--output-dir", "/media/compute/homes/aharter/phyre/saves/base-dqn-100000-updates", "--agent-type", "dqn", "--max-train-actions", "10000", "--dqn-updates", "100000"], "parsed_args": {"agent_kwargs": {"simulation_cache_size": null, "max_train_actions": 10000, "oracle_rank_size": null, "mem_test_simulation_weight": 0.0, "mem_rerank_size": -1, "mem_scoring_type": "relative", "mem_template_aware": 1, "dqn_train_batch_size": 32, "dqn_updates": 100000, "dqn_save_checkpoints_every": -1, "dqn_negative_sampling_prob": 1.0, "dqn_balance_classes": 0, "dqn_network_type": "resnet18", "dqn_num_auccess_actions": 0, "dqn_action_layers": 1, "dqn_action_hidden_size": 256, "dqn_eval_every": 1000, "dqn_cosine_scheduler": 0, "dqn_fusion_place": "last", "dqn_learning_rate": 0.0003, "dqn_eval_batch_size": 128, "dqn_rank_size": -1, "dqn_load_from": null, "dqn_finetune_iterations": 0, "dqn_refine_iterations": 0, "dqn_refine_loss": "ce", "dqn_refine_lr": 0.0001, "tier": "ball"}, "main_kwargs": {"eval_setup_name": "ball_within_template", "fold_id": 0, "use_test_split": 0, "agent_type": "dqn", "max_test_attempts_per_task": 100, "output_dir": "/media/compute/homes/aharter/phyre/saves/base-dqn-100000-updates"}}, "target_metric": 0.5897144315569898}