{"num_eval_tasks": 400, "metrics": {"independent_solved_by": [0.0, 0.3975, 0.4925, 0.56, 0.5775, 0.6025, 0.63, 0.6325, 0.6425, 0.655, 0.67, 0.6775, 0.69, 0.7025, 0.715, 0.7275, 0.73, 0.735, 0.7375, 0.745, 0.7475, 0.75, 0.7525, 0.7575, 0.76, 0.76, 0.7625, 0.765, 0.77, 0.7725, 0.775, 0.78, 0.785, 0.7875, 0.79, 0.795, 0.7975, 0.8025, 0.8025, 0.8025, 0.81, 0.8175, 0.82, 0.82, 0.8225, 0.8275, 0.8325, 0.835, 0.835, 0.84, 0.8475, 0.8475, 0.8525, 0.8525, 0.8575, 0.8575, 0.86, 0.8625, 0.8625, 0.8675, 0.8675, 0.8675, 0.8675, 0.8675, 0.8675, 0.87, 0.8725, 0.8725, 0.8725, 0.8775, 0.88, 0.88, 0.8825, 0.885, 0.885, 0.885, 0.885, 0.885, 0.885, 0.885, 0.885, 0.885, 0.885, 0.885, 0.8875, 0.89, 0.89, 0.8925, 0.895, 0.8975, 0.8975, 0.8975, 0.8975, 0.9, 0.9, 0.9, 0.9, 0.905, 0.9075, 0.9075, 0.9075], "independent_solved_by_aucs": [0.0, 0.3975, 0.4325616734107116, 0.459007515600661, 0.4754361293226549, 0.488365589505243, 0.4995855529117236, 0.5081206575847207, 0.51532411190725, 0.5217153300382079, 0.5276092649054259, 0.53285783199332, 0.5377616655058042, 0.5423877203354376, 0.5467853555133674, 0.5509919137416095, 0.5548222986133544, 0.558385394465109, 0.5616743840073324, 0.5648133076264098, 0.5677409634065205, 0.5704839516895567, 0.5730643851416336, 0.5755342956820119, 0.5778737018537775, 0.5800661240898601, 0.5821551577987334, 0.5841507244391813, 0.5860875000284599, 0.5879455730220625, 0.589731683788827, 0.5914746819686167, 0.5931778371670968, 0.5948229021925592, 0.5964142241170679, 0.597975353151353, 0.5994893090986083, 0.600977642028071, 0.6024064814403908, 0.6037797790351775, 0.6051509968096327, 0.6065200560309484, 0.6078556109374083, 0.6091444198424663, 0.6104039770559039, 0.6116502502748272, 0.6128838757177786, 0.6140918475179444, 0.6152622429351389, 0.6164228473392739, 0.6175866666838342, 0.6187165582228024, 0.6198381766520901, 0.6209284155946636, 0.6220116509051702, 0.6230657570901647, 0.6241030023838947, 0.6251241075281, 0.6261192685611471, 0.6271101266706525, 0.6280767038349151, 0.6290200090780373, 0.62994099319056, 0.6308405529918923, 0.6317195352172296, 0.6325878502883714, 0.6334458843498837, 0.6342852256849647, 0.6351065677333058, 0.635927502030814, 0.6367396857732327, 0.6375352348114188, 0.6383227677000676, 0.6391025432192748, 0.6398670355525927, 0.6406167565450646, 0.6413521941123335, 0.6420738136654901, 0.6427820594334264, 0.6434773556912977, 0.6441601079028778, 0.6448307037838541, 0.6454895142924519, 0.6461368945531916, 0.6467798442883945, 0.6474184816516744, 0.6480464484116025, 0.6486704321322542, 0.6492905346162887, 0.6499068537878123, 0.6505133598655596, 0.6511103215245453, 0.651697997128129, 0.6522825204391293, 0.6528581559941072, 0.6534251364806485, 0.6539836860395118, 0.6545452055874869, 0.6551040791577605, 0.6556549086971848, 0.6561978938636749], "global_solved_by": {"100": 0.0025, "1000": 0.025, "100000": 0.9075}, "total_attempts": 100.0, "total_solved": 0.9075}, "args": ["agents/train.py", "--eval-setup", "ball_within_template", "--fold-id", "0", "--output-dir", "/media/compute/homes/aharter/phyre/saves/path-dqn-100000-updates", "--agent-type", "dqn", "--max-train-actions", "10000", "--dqn-updates", "100000"], "parsed_args": {"agent_kwargs": {"simulation_cache_size": null, "max_train_actions": 10000, "oracle_rank_size": null, "mem_test_simulation_weight": 0.0, "mem_rerank_size": -1, "mem_scoring_type": "relative", "mem_template_aware": 1, "dqn_train_batch_size": 32, "dqn_updates": 100000, "dqn_save_checkpoints_every": -1, "dqn_negative_sampling_prob": 1.0, "dqn_balance_classes": 0, "dqn_network_type": "resnet18", "dqn_num_auccess_actions": 0, "dqn_action_layers": 1, "dqn_action_hidden_size": 256, "dqn_eval_every": 1000, "dqn_cosine_scheduler": 0, "dqn_fusion_place": "last", "dqn_learning_rate": 0.0003, "dqn_eval_batch_size": 128, "dqn_rank_size": -1, "dqn_load_from": null, "dqn_finetune_iterations": 0, "dqn_refine_iterations": 0, "dqn_refine_loss": "ce", "dqn_refine_lr": 0.0001, "tier": "ball"}, "main_kwargs": {"eval_setup_name": "ball_within_template", "fold_id": 0, "use_test_split": 0, "agent_type": "dqn", "max_test_attempts_per_task": 100, "output_dir": "/media/compute/homes/aharter/phyre/saves/path-dqn-100000-updates"}}, "target_metric": 0.6561978938636749}