{"num_eval_tasks": 400, "metrics": {"independent_solved_by": [0.0, 0.065, 0.085, 0.1, 0.105, 0.115, 0.12, 0.1325, 0.145, 0.1525, 0.155, 0.1625, 0.1675, 0.175, 0.175, 0.1825, 0.185, 0.1925, 0.2, 0.205, 0.21, 0.215, 0.215, 0.225, 0.2275, 0.23, 0.235, 0.24, 0.24, 0.24, 0.2425, 0.2475, 0.2475, 0.2475, 0.25, 0.2525, 0.255, 0.2575, 0.2625, 0.2625, 0.265, 0.2675, 0.27, 0.27, 0.2725, 0.275, 0.275, 0.2775, 0.2775, 0.285, 0.285, 0.2875, 0.29, 0.295, 0.3, 0.3, 0.3, 0.3075, 0.31, 0.3125, 0.315, 0.3175, 0.3225, 0.325, 0.325, 0.325, 0.325, 0.33, 0.3325, 0.335, 0.3375, 0.3375, 0.3425, 0.3475, 0.35, 0.35, 0.355, 0.355, 0.355, 0.3625, 0.365, 0.3675, 0.3675, 0.3725, 0.375, 0.3775, 0.38, 0.3825, 0.385, 0.385, 0.385, 0.385, 0.3875, 0.39, 0.3925, 0.3925, 0.3975, 0.4, 0.4025, 0.405, 0.405], "independent_solved_by_aucs": [0.0, 0.065, 0.07238140492857086, 0.07811278124459134, 0.08184061034050842, 0.08521476387444261, 0.08797037301667848, 0.09082984417032773, 0.09373365539718614, 0.09642265585563478, 0.09875095487110588, 0.1009831885040725, 0.10305893541207908, 0.10507912889228967, 0.10686049973712353, 0.10862118694160997, 0.11025552791567293, 0.1118819496929414, 0.11350001621004946, 0.11506669012361187, 0.11658804917704688, 0.11806914351982113, 0.11944332797729994, 0.1208569136182095, 0.12220936824049325, 0.12350694349632586, 0.12478364033883675, 0.12604111044849708, 0.12722870074067677, 0.12835275253784278, 0.12944270069348168, 0.13052419267228157, 0.13155365980543623, 0.1325352218995575, 0.1334929381421322, 0.13442848037180724, 0.13534335465974015, 0.13623892206560115, 0.13713414186260137, 0.13799456269326002, 0.13883905850590472, 0.13966856298075137, 0.14048393133311643, 0.14127076082874232, 0.14204548035888087, 0.14280872629455704, 0.1435471220535838, 0.14427562071451278, 0.14498145796507317, 0.1457045502423508, 0.14640611133210166, 0.14709950648542547, 0.14778509750017754, 0.14847493744608253, 0.14916875407075325, 0.14984391337199077, 0.150501263243698, 0.1511737222903247, 0.15183957643816867, 0.15249908095874035, 0.153152476525457, 0.15379999029320993, 0.15445149161255212, 0.15509730413880843, 0.15572834359904067, 0.15634518447394868, 0.15694837016726754, 0.15755597060797427, 0.15815916110217876, 0.15875808289842452, 0.1593528704323193, 0.15993547585249931, 0.1605223993104749, 0.16111345732705157, 0.16170070339145126, 0.16227660282567613, 0.16285657723132643, 0.16342565459434705, 0.1639841852386798, 0.1645540328016182, 0.16512066674105166, 0.1656841728367256, 0.16623777560706843, 0.16679528811936525, 0.16734990960604132, 0.16790171296801834, 0.16845076829177363, 0.1689971429921453, 0.16954090194625127, 0.17007589996739622, 0.17060237969802813, 0.17112057436243752, 0.17163667110135733, 0.17215071631457582, 0.17266275479659224, 0.17316709443501602, 0.17367526077303366, 0.17418154565651853, 0.17468598815990993, 0.17518862608147973, 0.1756841059277732], "global_solved_by": {"100": 0.0025, "1000": 0.0175, "100000": 0.405}, "total_attempts": 100.0, "total_solved": 0.405}, "args": ["agents/train.py", "--eval-setup", "ball_within_template", "--fold-id", "0", "--output-dir", "/media/compute/homes/aharter/phyre/saves/path-dqn-1000-updates", "--agent-type", "dqn", "--max-train-actions", "10000", "--dqn-updates", "1000"], "parsed_args": {"agent_kwargs": {"simulation_cache_size": null, "max_train_actions": 10000, "oracle_rank_size": null, "mem_test_simulation_weight": 0.0, "mem_rerank_size": -1, "mem_scoring_type": "relative", "mem_template_aware": 1, "dqn_train_batch_size": 32, "dqn_updates": 1000, "dqn_save_checkpoints_every": -1, "dqn_negative_sampling_prob": 1.0, "dqn_balance_classes": 0, "dqn_network_type": "resnet18", "dqn_num_auccess_actions": 0, "dqn_action_layers": 1, "dqn_action_hidden_size": 256, "dqn_eval_every": 1000, "dqn_cosine_scheduler": 0, "dqn_fusion_place": "last", "dqn_learning_rate": 0.0003, "dqn_eval_batch_size": 128, "dqn_rank_size": -1, "dqn_load_from": null, "dqn_finetune_iterations": 0, "dqn_refine_iterations": 0, "dqn_refine_loss": "ce", "dqn_refine_lr": 0.0001, "tier": "ball"}, "main_kwargs": {"eval_setup_name": "ball_within_template", "fold_id": 0, "use_test_split": 0, "agent_type": "dqn", "max_test_attempts_per_task": 100, "output_dir": "/media/compute/homes/aharter/phyre/saves/path-dqn-1000-updates"}}, "target_metric": 0.1756841059277732}