{"num_eval_tasks": 17, "metrics": {"independent_solved_by": [0.0, 0.23529411764705882, 0.23529411764705882, 0.29411764705882354, 0.29411764705882354, 0.4117647058823529, 0.4117647058823529, 0.4117647058823529, 0.47058823529411764, 0.47058823529411764, 0.47058823529411764, 0.47058823529411764, 0.47058823529411764, 0.47058823529411764, 0.47058823529411764, 0.47058823529411764, 0.47058823529411764, 0.47058823529411764, 0.47058823529411764, 0.5294117647058824, 0.5882352941176471, 0.5882352941176471, 0.5882352941176471, 0.5882352941176471, 0.5882352941176471, 0.5882352941176471, 0.5882352941176471, 0.5882352941176471, 0.5882352941176471, 0.5882352941176471, 0.5882352941176471, 0.5882352941176471, 0.5882352941176471, 0.5882352941176471, 0.5882352941176471, 0.6470588235294118, 0.6470588235294118, 0.6470588235294118, 0.6470588235294118, 0.6470588235294118, 0.6470588235294118, 0.6470588235294118, 0.6470588235294118, 0.6470588235294118, 0.6470588235294118, 0.6470588235294118, 0.6470588235294118, 0.6470588235294118, 0.7058823529411765, 0.7058823529411765, 0.7058823529411765, 0.7058823529411765, 0.7058823529411765, 0.7058823529411765, 0.7058823529411765, 0.7058823529411765, 0.7058823529411765, 0.7058823529411765, 0.7058823529411765, 0.7058823529411765, 0.7058823529411765, 0.7058823529411765, 0.7058823529411765, 0.7058823529411765, 0.7058823529411765, 0.7058823529411765, 0.7058823529411765, 0.7058823529411765, 0.7058823529411765, 0.7058823529411765, 0.7058823529411765, 0.7058823529411765, 0.7058823529411765, 0.7058823529411765, 0.7058823529411765, 0.7058823529411765, 0.7058823529411765, 0.7058823529411765, 0.7058823529411765, 0.7058823529411765, 0.7647058823529411, 0.7647058823529411, 0.7647058823529411, 0.7647058823529411, 0.7647058823529411, 0.7647058823529411, 0.7647058823529411, 0.7647058823529411, 0.7647058823529411, 0.7647058823529411, 0.7647058823529411, 0.7647058823529411, 0.7647058823529411, 0.7647058823529411, 0.7647058823529411, 0.7647058823529411, 0.7647058823529411, 0.7647058823529411, 0.7647058823529411, 0.7647058823529411, 0.7647058823529411], "independent_solved_by_aucs": [0.0, 0.23529411764705882, 0.23529411764705882, 0.247501102919966, 0.25396434150082436, 0.27002141198980517, 0.281250000897211, 0.28963100606870823, 0.2993312852308757, 0.30716757350684454, 0.3136631251830901, 0.3191580076231104, 0.3238835923256494, 0.32800323894109973, 0.33163587039133924, 0.33487031337506057, 0.3377743826034921, 0.340400836842477, 0.3427914012007437, 0.3459867378897011, 0.3498689056417665, 0.35345630642517645, 0.35678475773103663, 0.3598842790454881, 0.36278024160917344, 0.365494252026054, 0.3680448394263246, 0.37044799567966513, 0.3727176043289149, 0.37486578430129436, 0.3769031676711475, 0.3788391258961549, 0.3806819554343057, 0.38243903107307115, 0.3841169333938029, 0.38618398083058636, 0.38816345066467056, 0.39006149114228894, 0.3918836607569721, 0.3936349990302322, 0.3953200871898601, 0.39694310040475633, 0.3985078529290044, 0.4000178372641362, 0.40147625825333844, 0.402886062864162, 0.40424996628903426, 0.4055704748893203, 0.4071615598803077, 0.40870423198205463, 0.4102009686432516, 0.4116540722520326, 0.41306568575010527, 0.4144378065777192, 0.41577229915623004, 0.41707090608603886, 0.4183352582132232, 0.41956688369745354, 0.4207672161961873, 0.42193760226512705, 0.42307930806210836, 0.4241935254305862, 0.42528137742944544, 0.4263439233677162, 0.42738216339573976, 0.4283970426982399, 0.4293894553294631, 0.43036024772594933, 0.43131022192847907, 0.4322401385412371, 0.4331507194531558, 0.43404265034370826, 0.4349165829930475, 0.4357731374142995, 0.4366129038239737, 0.43743644446482394, 0.4382442952940463, 0.4390369675484235, 0.4398149491968799, 0.440578706289902, 0.44149497046431796, 0.4423949206524358, 0.4432790546860113, 0.44414784914771954, 0.44500176052818896, 0.4458412263068145, 0.4466666659622189, 0.44747848191771267, 0.44827706042664484, 0.4490627724021102, 0.44983597419510374, 0.45059700832487, 0.4513462041648812, 0.4520838785876, 0.4528103365709237, 0.45352587176897496, 0.45423076704969406, 0.4549252950014908, 0.4556097184110438, 0.4562842907141689, 0.45694925642153617], "global_solved_by": {"100": 0.058823529411764705, "1000": 0.47058823529411764, "100000": 0.7647058823529411}, "total_attempts": 100.0, "total_solved": 0.7647058823529411}, "args": ["agents/train.py", "--eval-setup", "ball_within_template", "--fold-id", "0", "--output-dir", "/media/compute/homes/aharter/phyre/saves/path-dqn-10000-updates-template13", "--agent-type", "dqn", "--max-train-actions", "10000", "--dqn-updates", "10000"], "parsed_args": {"agent_kwargs": {"simulation_cache_size": null, "max_train_actions": 10000, "oracle_rank_size": null, "mem_test_simulation_weight": 0.0, "mem_rerank_size": -1, "mem_scoring_type": "relative", "mem_template_aware": 1, "dqn_train_batch_size": 32, "dqn_updates": 10000, "dqn_save_checkpoints_every": -1, "dqn_negative_sampling_prob": 1.0, "dqn_balance_classes": 0, "dqn_network_type": "resnet18", "dqn_num_auccess_actions": 0, "dqn_action_layers": 1, "dqn_action_hidden_size": 256, "dqn_eval_every": 1000, "dqn_cosine_scheduler": 0, "dqn_fusion_place": "last", "dqn_learning_rate": 0.0003, "dqn_eval_batch_size": 128, "dqn_rank_size": -1, "dqn_load_from": null, "dqn_finetune_iterations": 0, "dqn_refine_iterations": 0, "dqn_refine_loss": "ce", "dqn_refine_lr": 0.0001, "tier": "ball"}, "main_kwargs": {"eval_setup_name": "ball_within_template", "fold_id": 0, "use_test_split": 0, "agent_type": "dqn", "max_test_attempts_per_task": 100, "output_dir": "/media/compute/homes/aharter/phyre/saves/path-dqn-10000-updates-template13"}}, "target_metric": 0.45694925642153617}